"STATION","NAME","LATITUDE","LONGITUDE","ELEVATION","DATE","AWND","CDSD","DSND","DSNW","EMNT","EMSD","EMSN","EMXP","EMXT","HDSD","PRCP","SNOW","TAVG","TMAX","TMIN","TSUN","WDF2","WDF5","WSF2","WSF5"
"USW00094846","CHICAGO OHARE INTERNATIONAL AIRPORT, IL US","41.995","-87.9336","201.8","2000-01","10.5","0","14","5","-3","8","3.7","0.29","60","3419","1.36","13.6","25.3","32.1","18.5",,"330","260","28.0","37"
"USW00094846","CHICAGO OHARE INTERNATIONAL AIRPORT, IL US","41.995","-87.9336","201.8","2000-02","11.0","0","15","1","10","11","11.1","1.13","72","4317","1.97","11.6","34.1","42.2","25.9",,"180","210","30.0","39"
"USW00094846","CHICAGO OHARE INTERNATIONAL AIRPORT, IL US","41.995","-87.9336","201.8","2000-03","9.6","2","0","0","20","0","0.0","0.33","78","4964","1.19","0.0","44.2","54.7","33.7",,"250","280","31.1","40"
"USW00094846","CHICAGO OHARE INTERNATIONAL AIRPORT, IL US","41.995","-87.9336","201.8","2000-04","10.1","2","1","1","25","1","1.6","2.37","76","5498","5.15","1.6","47.2","57.6","36.8",,"10","10","33.1","41"
"USW00094846","CHICAGO OHARE INTERNATIONAL AIRPORT, IL US","41.995","-87.9336","201.8","2000-05","9.4","63","0","0","40","0","0.0","0.74","86","5652","4.01","0.0","62.0","72.1","51.9",,"70","320","36.0","48"
"USW00094846","CHICAGO OHARE INTERNATIONAL AIRPORT, IL US","41.995","-87.9336","201.8","2000-06","8.7","189",,"0","45",,"0.0","1.11","89","5711","4.33","0.0","67.2","76.8","57.7",,"310","310","31.1","38"
"USW00094846","CHICAGO OHARE INTERNATIONAL AIRPORT, IL US","41.995","-87.9336","201.8","2000-07","7.2","384","0","0","52","0","0.0","1.46","89","7","3.58","0.0","71.0","79.8","62.3",,"300","320","28.0","35"
"USW00094846","CHICAGO OHARE INTERNATIONAL AIRPORT, IL US","41.995","-87.9336","201.8","2000-08","7.8","616","0","0","54","0","0.0","1.11","92","10","2.26","0.0","72.4","81.8","63.0",,"240","250","40.9","59"
"USW00094846","CHICAGO OHARE INTERNATIONAL AIRPORT, IL US","41.995","-87.9336","201.8","2000-09","9.2","725","0","0","42","0","0.0","2.37","93","129","3.60","0.0","64.7","74.6","54.8",,"90","310","29.1","37"
"USW00094846","CHICAGO OHARE INTERNATIONAL AIRPORT, IL US","41.995","-87.9336","201.8","2000-10","8.7","742","0","0","30","0","0.0","0.65","83","423","1.12","0.0","56.0","66.1","46.0",,"330","320","25.1","32"
"USW00094846","CHICAGO OHARE INTERNATIONAL AIRPORT, IL US","41.995","-87.9336","201.8","2000-11","10.1","742","0","0","14","0","0.1","1.26","73","1263","2.71","0.1","37.0","43.8","30.2",,"280","250","28.0","38"
"USW00094846","CHICAGO OHARE INTERNATIONAL AIRPORT, IL US","41.995","-87.9336","201.8","2000-12","9.6","742","25","7","-9","17","9.5","0.62","37","2781","2.12","30.9","16.0","24.4","7.6",,"330","330","32.0","40"
"USW00094846","CHICAGO OHARE INTERNATIONAL AIRPORT, IL US","41.995","-87.9336","201.8","2001-01","9.4","0","31","1","5","17","1.0","0.62","42","4036","1.12","1.5","24.5","30.8","18.3",,"330","120","28.0","32"
"USW00094846","CHICAGO OHARE INTERNATIONAL AIRPORT, IL US","41.995","-87.9336","201.8","2001-02","10.5","0","9","1","-2","2","1.1","1.11","56","5125","2.58","2.2","26.1","34.0","18.2",,"260","270","38.0","49"
"USW00094846","CHICAGO OHARE INTERNATIONAL AIRPORT, IL US","41.995","-87.9336","201.8","2001-03","10.3","0","4","1","16","4","4.0","0.46","56","6082","1.31","4.3","34.1","42.7","25.6",,"310","330","28.0","35"
"USW00094846","CHICAGO OHARE INTERNATIONAL AIRPORT, IL US","41.995","-87.9336","201.8","2001-04","11.4","6","0","0","26","0","0.3","0.57","85","6464","2.82","0.3","52.5","64.2","40.7",,"240","240","36.9","49"
"USW00094846","CHICAGO OHARE INTERNATIONAL AIRPORT, IL US","41.995","-87.9336","201.8","2001-05","9.2","61","0","0","37","0","0.0","0.81","89","6674","3.35","0.0","60.0","70.2","49.8",,"30","40","36.0","43"
"USW00094846","CHICAGO OHARE INTERNATIONAL AIRPORT, IL US","41.995","-87.9336","201.8","2001-06","7.6","221","0","0","46","0","0.0","0.64","91","6763","2.61","0.0","67.4","77.5","57.3",,"360","10","36.9","44"
"USW00094846","CHICAGO OHARE INTERNATIONAL AIRPORT, IL US","41.995","-87.9336","201.8","2001-07","7.4","523","0","0","49","0","0.0","1.30","95","5","2.96","0.0","74.6","85.0","64.1",,"330","40","25.9","35"
"USW00094846","CHICAGO OHARE INTERNATIONAL AIRPORT, IL US","41.995","-87.9336","201.8","2001-08","7.4","778","0","0","56","0","0.0","4.31","95","5","12.25","0.0","73.2","81.8","64.7",,"320","330","36.9","46"
"USW00094846","CHICAGO OHARE INTERNATIONAL AIRPORT, IL US","41.995","-87.9336","201.8","2001-09","8.3","820","0","0","40","0","0.0","1.72","87","140","6.05","0.0","61.9","71.0","52.8",,"210","210","36.0","48"
"USW00094846","CHICAGO OHARE INTERNATIONAL AIRPORT, IL US","41.995","-87.9336","201.8","2001-10","10.3","821","0","0","29","0","0.0","3.79","80","540","8.55","0.0","52.1","60.3","43.9",,"260","280","36.0","48"
"USW00094846","CHICAGO OHARE INTERNATIONAL AIRPORT, IL US","41.995","-87.9336","201.8","2001-11","9.4","821","0","0","27","0","0.0","0.31","68","1043","1.22","0.0","48.2","57.4","39.0",,"150","140","31.1","37"
"USW00094846","CHICAGO OHARE INTERNATIONAL AIRPORT, IL US","41.995","-87.9336","201.8","2001-12","9.6","821",,"0","5",,"0.6","0.42","68","2025","1.00","1.7","33.3","40.2","26.5",,"270","270","31.1","41"
"USW00094846","CHICAGO OHARE INTERNATIONAL AIRPORT, IL US","41.995","-87.9336","201.8","2002-01","10.3","0","9","3","10","11","7.2","0.62","59","3051","1.20","15.5","31.9","38.6","25.2",,"190","170","28.0","36"
"USW00094846","CHICAGO OHARE INTERNATIONAL AIRPORT, IL US","41.995","-87.9336","201.8","2002-02","11.9","0","9","1","8","5","1.7","0.44","61","3971","0.96","1.8","32.1","40.2","24.1",,"280","10","30.0","38"
"USW00094846","CHICAGO OHARE INTERNATIONAL AIRPORT, IL US","41.995","-87.9336","201.8","2002-03","11.6","0","6","2","-7","6","7.1","1.02","64","4914","2.74","11.2","34.6","43.6","25.5",,"280","270","38.9","52"
"USW00094846","CHICAGO OHARE INTERNATIONAL AIRPORT, IL US","41.995","-87.9336","201.8","2002-04","10.7","43","0","0","24","0","0.9","0.88","89","5411","3.01","1.0","49.9","58.9","40.9",,"280","270","36.0","46"
"USW00094846","CHICAGO OHARE INTERNATIONAL AIRPORT, IL US","41.995","-87.9336","201.8","2002-05","10.3","78","0","0","31","0","0.0","2.18","86","5750","4.39","0.0","55.2","65.2","45.2",,"280","290","36.0","46"
"USW00094846","CHICAGO OHARE INTERNATIONAL AIRPORT, IL US","41.995","-87.9336","201.8","2002-06","7.6","293","0","0","46","0","0.0","2.28","93","5787","4.61","0.0","71.0","81.1","60.8",,"140","140","33.1","38"
"USW00094846","CHICAGO OHARE INTERNATIONAL AIRPORT, IL US","41.995","-87.9336","201.8","2002-07","7.8","667","0","0","56","0","0.0","2.08","96","0","2.68","0.0","77.1","86.6","67.5",,"70","70","23.9","31"
"USW00094846","CHICAGO OHARE INTERNATIONAL AIRPORT, IL US","41.995","-87.9336","201.8","2002-08","7.6","919","0","0","53","0","0.0","4.45","94","0","8.06","0.0","73.1","82.8","63.5",,"300","290","25.9","35"
"USW00094846","CHICAGO OHARE INTERNATIONAL AIRPORT, IL US","41.995","-87.9336","201.8","2002-09","7.2","1051","0","0","39","0","0.0","0.65","92","61","1.72","0.0","67.3","78.9","55.8","0","340","340","33.1","41"
"USW00094846","CHICAGO OHARE INTERNATIONAL AIRPORT, IL US","41.995","-87.9336","201.8","2002-10","8.9","1061","0","0","29","0","0.0","0.63","82","545","1.60","0.0","49.7","57.5","42.0",,"280","290","33.1","45"
"USW00094846","CHICAGO OHARE INTERNATIONAL AIRPORT, IL US","41.995","-87.9336","201.8","2002-11","9.8","1061","5","2","14","2","2.8","0.22","63","1366","1.04","4.7","37.6","44.8","30.4",,"320","320","33.1","38"
"USW00094846","CHICAGO OHARE INTERNATIONAL AIRPORT, IL US","41.995","-87.9336","201.8","2002-12","10.3","1061","8","3","8","3","3.0","1.41","60","2448","1.93","8.0","30.1","36.9","23.3",,"170","180","34.9","48"
"USW00094846","CHICAGO OHARE INTERNATIONAL AIRPORT, IL US","41.995","-87.9336","201.8","2003-01","11.0","0","3","1","-7","2","2.4","0.15","54","3803","0.36","4.4","21.3","28.3","14.3",,"300","290","29.1","37"
"USW00094846","CHICAGO OHARE INTERNATIONAL AIRPORT, IL US","41.995","-87.9336","201.8","2003-02","10.7","0","3","1","-2","1","1.5","0.11","50","4963","0.19","1.5","23.6","32.3","14.9",,"290","250","38.0","46"
"USW00094846","CHICAGO OHARE INTERNATIONAL AIRPORT, IL US","41.995","-87.9336","201.8","2003-03","9.6","0","7","2","2","5","4.0","0.46","74","5840","1.82","7.1","36.7","46.5","26.9",,"160","160","25.9","35"
"USW00094846","CHICAGO OHARE INTERNATIONAL AIRPORT, IL US","41.995","-87.9336","201.8","2003-04","10.7","12","1","1","25","2","3.0","2.22","86","6353","4.33","3.0","48.3","58.7","37.9",,"60","50","31.1","38"
"USW00094846","CHICAGO OHARE INTERNATIONAL AIRPORT, IL US","41.995","-87.9336","201.8","2003-05","10.1","17","0","0","34","0","0.0","1.14","84","6630","5.29","0.0","56.2","66.0","46.5",,"260","260","38.9","53"
"USW00094846","CHICAGO OHARE INTERNATIONAL AIRPORT, IL US","41.995","-87.9336","201.8","2003-06","7.8","106","0","0","38","0","0.0","0.66","92","6706","1.46","0.0","65.4","76.7","54.2",,"280","270","25.9","33"
"USW00094846","CHICAGO OHARE INTERNATIONAL AIRPORT, IL US","41.995","-87.9336","201.8","2003-07","7.4","333","0","0","53","0","0.0","1.23","94","0","4.49","0.0","72.3","82.9","61.8",,"20","280","38.9","47"
"USW00094846","CHICAGO OHARE INTERNATIONAL AIRPORT, IL US","41.995","-87.9336","201.8","2003-08","6.9","600","0","0","58","0","0.0","2.24","95","0","4.19","0.0","73.6","82.8","64.4",,"310","300","36.9","44"
"USW00094846","CHICAGO OHARE INTERNATIONAL AIRPORT, IL US","41.995","-87.9336","201.8","2003-09","8.1","670","0","0","39","0","0.0","0.56","86","121","1.72","0.0","63.3","73.7","53.0","0","310","300","23.9","30"
"USW00094846","CHICAGO OHARE INTERNATIONAL AIRPORT, IL US","41.995","-87.9336","201.8","2003-10","7.2","672","0","0","31","0","0.0","1.15","85","532","1.89","0.0","51.8","62.4","41.2","0","300","260","29.1","35"
"USW00094846","CHICAGO OHARE INTERNATIONAL AIRPORT, IL US","41.995","-87.9336","201.8","2003-11","10.3","672","0","0","20","0","0.0","1.06","70","1226","4.46","0.0","41.8","49.5","34.2",,"260","280","38.9","52"
"USW00094846","CHICAGO OHARE INTERNATIONAL AIRPORT, IL US","41.995","-87.9336","201.8","2003-12","10.5","672","3","0","10","1","0.5","0.60","53","2261","1.83","1.5","31.6","38.6","24.6",,"250","10","28.0","38"
"USW00094846","CHICAGO OHARE INTERNATIONAL AIRPORT, IL US","41.995","-87.9336","201.8","2004-01","11.2","0","17","5","-9","4","5.6","0.49","61","3646","0.91","14.6","20.3","27.4","13.2",,"300","300","28.0","36"
"USW00094846","CHICAGO OHARE INTERNATIONAL AIRPORT, IL US","41.995","-87.9336","201.8","2004-02","9.6","0","19","3","0","6","2.2","0.19","61","4737","0.71","6.5","27.4","35.8","18.9",,"250","260","29.1","39"
"USW00094846","CHICAGO OHARE INTERNATIONAL AIRPORT, IL US","41.995","-87.9336","201.8","2004-03","11.4","0","1","0","16","1","0.8","0.67","74","5477","2.69","2.2","41.1","49.3","33.0",,"300","230","38.0","54"
"USW00094846","CHICAGO OHARE INTERNATIONAL AIRPORT, IL US","41.995","-87.9336","201.8","2004-04","11.4","13","0","0","26","0","0.0","0.31","86","5929","0.74","0.0","50.4","61.4","39.3","0","210","230","36.0","44"
"USW00094846","CHICAGO OHARE INTERNATIONAL AIRPORT, IL US","41.995","-87.9336","201.8","2004-05","9.4","64","0","0","30","0","0.0","1.49","88","6135","7.21","0.0","60.0","71.0","49.1",,"330","340","42.9","58"
"USW00094846","CHICAGO OHARE INTERNATIONAL AIRPORT, IL US","41.995","-87.9336","201.8","2004-06","7.8","178","0","0","44","0","0.0","1.22","91","6186","2.82","0.0","67.1","77.3","56.9",,"310","310","28.0","36"
"USW00094846","CHICAGO OHARE INTERNATIONAL AIRPORT, IL US","41.995","-87.9336","201.8","2004-07","8.1","375","0","0","54","0","0.0","1.32","90","4","2.66","0.0","71.2","80.5","61.9",,"130","130","38.0","49"
"USW00094846","CHICAGO OHARE INTERNATIONAL AIRPORT, IL US","41.995","-87.9336","201.8","2004-08","7.8","492","0","0","48","0","0.0","1.41","90","45","5.30","0.0","67.5","77.0","58.0",,"220","200","32.0","43"
"USW00094846","CHICAGO OHARE INTERNATIONAL AIRPORT, IL US","41.995","-87.9336","201.8","2004-09","7.4","587","0","0","36","0","0.0","0.19","86","94","0.26","0.0","66.5","78.4","54.6",,"10","10","32.0","39"
"USW00094846","CHICAGO OHARE INTERNATIONAL AIRPORT, IL US","41.995","-87.9336","201.8","2004-10","9.4","591","0","0","31","0","0.0","1.17","76","442","2.85","0.0","53.9","63.0","44.8",,"250","240","38.0","47"
"USW00094846","CHICAGO OHARE INTERNATIONAL AIRPORT, IL US","41.995","-87.9336","201.8","2004-11","8.9","591","2","1","21","4","4.3","1.08","65","1081","4.29","5.1","43.7","50.3","37.1",,"20","10","30.0","38"
"USW00094846","CHICAGO OHARE INTERNATIONAL AIRPORT, IL US","41.995","-87.9336","201.8","2004-12","11.0","591","2","0","-2","1","0.3","0.77","57","2202","1.15","0.6","28.8","35.8","21.9",,"280","280","36.0","44"
"USW00094846","CHICAGO OHARE INTERNATIONAL AIRPORT, IL US","41.995","-87.9336","201.8","2005-01","10.1","0","22","9","1","12","6.2","0.89","62","3457","4.00","27.7","24.5","31.2","17.8","0","270","270","34.9","46"
"USW00094846","CHICAGO OHARE INTERNATIONAL AIRPORT, IL US","41.995","-87.9336","201.8","2005-02","8.7","0","6","2","11","4","1.1","0.60","55","4369","2.19","2.7","32.4","38.9","26.0",,"310","320","29.1","35"
"USW00094846","CHICAGO OHARE INTERNATIONAL AIRPORT, IL US","41.995","-87.9336","201.8","2005-03","10.1","0","5","1","13","1","1.5","0.62","77","5299","1.48","3.2","35.0","43.9","26.1",,"260","260","30.0","41"
"USW00094846","CHICAGO OHARE INTERNATIONAL AIRPORT, IL US","41.995","-87.9336","201.8","2005-04","10.5","6","0","0","30","0","0.0","0.67","83","5709","1.53","0.0","51.5","63.4","39.7",,"10","10","30.0","38"
"USW00094846","CHICAGO OHARE INTERNATIONAL AIRPORT, IL US","41.995","-87.9336","201.8","2005-05","9.6","22","0","0","33","0","0.0","1.27","85","5970","1.99","0.0","57.1","67.8","46.4",,"290","290","32.0","39"
"USW00094846","CHICAGO OHARE INTERNATIONAL AIRPORT, IL US","41.995","-87.9336","201.8","2005-06","8.5","305","0","0","50","0","0.0","0.39","96","5979","0.76","0.0","74.2","85.2","63.1",,"240","270","34.9","47"
"USW00094846","CHICAGO OHARE INTERNATIONAL AIRPORT, IL US","41.995","-87.9336","201.8","2005-07","8.1","634","0","0","53","0","0.0","0.70","102","0","1.95","0.0","75.6","86.4","64.7",,"170","170","48.1","55"
"USW00094846","CHICAGO OHARE INTERNATIONAL AIRPORT, IL US","41.995","-87.9336","201.8","2005-08","7.2","921","0","0","57","0","0.0","1.35","95","0","2.48","0.0","74.3","84.0","64.5",,"290","290","30.0","37"
"USW00094846","CHICAGO OHARE INTERNATIONAL AIRPORT, IL US","41.995","-87.9336","201.8","2005-09","7.6","1093","0","0","43","0","0.0","0.71","94","40","2.66","0.0","69.4","80.1","58.7",,"330","320","32.0","37"
"USW00094846","CHICAGO OHARE INTERNATIONAL AIRPORT, IL US","41.995","-87.9336","201.8","2005-10","8.7","1135","0","0","28","0","0.0","0.94","87","388","1.39","0.0","55.1","64.3","46.0",,"190","180","32.0","44"
"USW00094846","CHICAGO OHARE INTERNATIONAL AIRPORT, IL US","41.995","-87.9336","201.8","2005-11","11.6","1135","2","1","13","1","1.0","0.65","70","1078","2.31","1.9","42.0","51.4","32.6",,"260","260","38.0","49"
"USW00094846","CHICAGO OHARE INTERNATIONAL AIRPORT, IL US","41.995","-87.9336","201.8","2005-12","9.4","1135","21","2","-1","7","6.7","0.40","47","2370","1.37","10.5","23.3","29.4","17.3",,"260","250","28.0","35"
"USW00094846","CHICAGO OHARE INTERNATIONAL AIRPORT, IL US","41.995","-87.9336","201.8","2006-01","10.5","0","5","1","17","5","4.1","0.78","57","3275","2.78","5.5","35.8","42.0","29.6",,"320","270","30.0","39"
"USW00094846","CHICAGO OHARE INTERNATIONAL AIRPORT, IL US","41.995","-87.9336","201.8","2006-02","10.3","0","2","1","-7","1","1.2","1.09","56","4306","1.80","2.5","28.2","36.3","20.0",,"320","300","30.0","41"
"USW00094846","CHICAGO OHARE INTERNATIONAL AIRPORT, IL US","41.995","-87.9336","201.8","2006-03","10.3","0","3","3","20","2","2.6","0.72","70","5133","2.70","5.7","38.3","46.7","29.9",,"250","270","36.0","53"
"USW00094846","CHICAGO OHARE INTERNATIONAL AIRPORT, IL US","41.995","-87.9336","201.8","2006-04","10.7","10","0","0","26","0","0.0","0.94","81","5499","3.61","0.0","53.1","64.1","42.1",,"20","30","34.9","40"
"USW00094846","CHICAGO OHARE INTERNATIONAL AIRPORT, IL US","41.995","-87.9336","201.8","2006-05","8.5","80","0","0","36","0","0.0","1.24","92","5737","3.67","0.0","59.6","69.7","49.5",,"300","280","31.1","44"
"USW00094846","CHICAGO OHARE INTERNATIONAL AIRPORT, IL US","41.995","-87.9336","201.8","2006-06","8.1","209","0","0","48","0","0.0","1.58","92","5768","4.04","0.0","68.3","78.8","57.8",,"360","240","28.0","36"
"USW00094846","CHICAGO OHARE INTERNATIONAL AIRPORT, IL US","41.995","-87.9336","201.8","2006-07","7.2","566","0","0","54","0","0.0","2.05","99","0","3.70","0.0","76.5","85.7","67.3",,"290","290","40.0","51"
"USW00094846","CHICAGO OHARE INTERNATIONAL AIRPORT, IL US","41.995","-87.9336","201.8","2006-08","7.2","855","0","0","55","0","0.0","0.85","99","0","2.95","0.0","74.3","83.0","65.6",,"300","300","29.1","38"
"USW00094846","CHICAGO OHARE INTERNATIONAL AIRPORT, IL US","41.995","-87.9336","201.8","2006-09","7.8","896","0","0","37","0","0.0","1.73","83","118","5.85","0.0","62.4","71.1","53.7",,"290","280","34.9","48"
"USW00094846","CHICAGO OHARE INTERNATIONAL AIRPORT, IL US","41.995","-87.9336","201.8","2006-10","10.1","904","0","0","27","0","0.3","1.39","82","623","4.05","0.3","48.9","57.5","40.4",,"200","200","36.9","45"
"USW00094846","CHICAGO OHARE INTERNATIONAL AIRPORT, IL US","41.995","-87.9336","201.8","2006-11","9.6","904","0","0","21","0","0.4","1.73","68","1289","3.65","0.4","42.8","50.2","35.5",,"30","30","33.1","45"
"USW00094846","CHICAGO OHARE INTERNATIONAL AIRPORT, IL US","41.995","-87.9336","201.8","2006-12","10.7","904","10","1","4","5","5.8","1.23","56","2256","3.18","5.8","33.8","40.5","27.1",,"210","230","28.0","36"
"USW00094846","CHICAGO OHARE INTERNATIONAL AIRPORT, IL US","41.995","-87.9336","201.8","2007-01","11.6","0","16","1","3","2","1.6","0.66","52","3406","1.72","3.5","27.9","33.9","21.9",,"200","220","29.1","38"
"USW00094846","CHICAGO OHARE INTERNATIONAL AIRPORT, IL US","41.995","-87.9336","201.8","2007-02","12.1","0","19","7","-10","12","8.8","0.44","48","4723","1.61","20.3","17.9","24.4","11.5",,"270","300","32.0","40"
"USW00094846","CHICAGO OHARE INTERNATIONAL AIRPORT, IL US","41.995","-87.9336","201.8","2007-03","11.2","6","4","0","13","1","0.7","1.09","79","5427","3.67","2.4","42.5","51.3","33.7",,"190","250","34.9","44"
"USW00094846","CHICAGO OHARE INTERNATIONAL AIRPORT, IL US","41.995","-87.9336","201.8","2007-04","11.6","8","2","1","22","1","3.0","1.15","83","5977","3.49","3.0","46.8","56.5","37.0",,"230","220","34.9","43"
"USW00094846","CHICAGO OHARE INTERNATIONAL AIRPORT, IL US","41.995","-87.9336","201.8","2007-05","10.3","90","0","0","42","0","0.0","1.01","90","6097","1.81","0.0","63.8","75.5","52.0",,"190","190","34.9","41"
"USW00094846","CHICAGO OHARE INTERNATIONAL AIRPORT, IL US","41.995","-87.9336","201.8","2007-06","8.9","300","0","0","44","0","0.0","0.58","93","6117","2.30","0.0","71.3","81.6","61.1",,"240","230","36.0","52"
"USW00094846","CHICAGO OHARE INTERNATIONAL AIRPORT, IL US","41.995","-87.9336","201.8","2007-07","7.8","571","0","0","53","0","0.0","1.55","94","0","3.86","0.0","73.7","83.5","63.9",,"320","320","32.0","43"
"USW00094846","CHICAGO OHARE INTERNATIONAL AIRPORT, IL US","41.995","-87.9336","201.8","2007-08","6.9","876","0","0","57","0","0.0","2.35","92","2","9.70","0.0","74.8","83.2","66.4",,"280","280","46.1","58"
"USW00094846","CHICAGO OHARE INTERNATIONAL AIRPORT, IL US","41.995","-87.9336","201.8","2007-09","8.9","1028","0","0","39","0","0.0","0.36","90","60","1.23","0.0","68.1","79.2","57.0",,"290","290","28.0","38"
"USW00094846","CHICAGO OHARE INTERNATIONAL AIRPORT, IL US","41.995","-87.9336","201.8","2007-10","10.1","1083","0","0","34","0","0.0","0.33","87","301","1.70","0.0","59.0","68.1","49.9",,"200","200","33.1","47"
"USW00094846","CHICAGO OHARE INTERNATIONAL AIRPORT, IL US","41.995","-87.9336","201.8","2007-11","10.3","1083","0","0","18","0","0.2","0.83","66","1069","1.26","0.3","39.4","47.0","31.7",,"330","310","33.1","43"
"USW00094846","CHICAGO OHARE INTERNATIONAL AIRPORT, IL US","41.995","-87.9336","201.8","2007-12","9.6","1083","20","6","0","5","3.6","0.67","52","2221","3.48","17.6","27.8","34.1","21.6",,"190","200","48.1","63"
"USW00094846","CHICAGO OHARE INTERNATIONAL AIRPORT, IL US","41.995","-87.9336","201.8","2008-01","11.6","0","12","4","-5","4","3.9","0.66","65","3509","1.94","12.7","23.4","32.0","14.9",,"280","180","36.0","49"
"USW00094846","CHICAGO OHARE INTERNATIONAL AIRPORT, IL US","41.995","-87.9336","201.8","2008-02","10.3","0","26","7","-4","7","4.5","1.10","47","4727","3.54","21.9","23.0","29.7","16.4",,"280","280","33.1","46"
"USW00094846","CHICAGO OHARE INTERNATIONAL AIRPORT, IL US","41.995","-87.9336","201.8","2008-03","10.1","0","7","2","14","5","4.8","0.70","60","5660","2.63","8.0","34.9","42.5","27.2",,"220","220","32.0","41"
"USW00094846","CHICAGO OHARE INTERNATIONAL AIRPORT, IL US","41.995","-87.9336","201.8","2008-04","10.7","0","0","0","28","0","0.0","0.84","82","6127","2.72","0.0","49.4","59.8","39.1",,"180","190","36.9","46"
"USW00094846","CHICAGO OHARE INTERNATIONAL AIRPORT, IL US","41.995","-87.9336","201.8","2008-05","10.3","5","0","0","38","0","0.0","1.28","81","6427","4.10","0.0","55.5","66.1","44.8",,"200","180","36.0","48"
"USW00094846","CHICAGO OHARE INTERNATIONAL AIRPORT, IL US","41.995","-87.9336","201.8","2008-06","9.4","183","0","0","52","0","0.0","1.24","91","6432","4.19","0.0","70.8","80.9","60.7",,"280","240","38.0","54"
"USW00094846","CHICAGO OHARE INTERNATIONAL AIRPORT, IL US","41.995","-87.9336","201.8","2008-07","8.3","465","0","0","52","0","0.0","1.61","90","3","4.76","0.0","74.0","83.8","64.2",,"320","280","29.1","45"
"USW00094846","CHICAGO OHARE INTERNATIONAL AIRPORT, IL US","41.995","-87.9336","201.8","2008-08","7.6","703","0","0","56","0","0.0","2.43","90","3","3.73","0.0","72.7","81.8","63.6",,"170","170","32.0","40"
"USW00094846","CHICAGO OHARE INTERNATIONAL AIRPORT, IL US","41.995","-87.9336","201.8","2008-09","6.9","790","0","0","48","0","0.0","6.64","94","56","13.63","0.0","66.1","75.2","57.1",,"340","40","23.9","35"
"USW00094846","CHICAGO OHARE INTERNATIONAL AIRPORT, IL US","41.995","-87.9336","201.8","2008-10","8.7","799","0","0","31","0","0.0","0.80","84","449","2.07","0.0","52.6","61.6","43.7",,"270","270","36.9","47"
"USW00094846","CHICAGO OHARE INTERNATIONAL AIRPORT, IL US","41.995","-87.9336","201.8","2008-11","10.1","799","0","0","17","0","0.3","0.67","73","1222","1.81","0.7","39.3","46.3","32.2",,"330","190","28.0","36"
"USW00094846","CHICAGO OHARE INTERNATIONAL AIRPORT, IL US","41.995","-87.9336","201.8","2008-12","12.1","799","22","8","-6","7","4.8","1.74","61","2528","5.78","22.0","22.8","31.5","14.2",,"250","250","34.9","47"
"USW00094846","CHICAGO OHARE INTERNATIONAL AIRPORT, IL US","41.995","-87.9336","201.8","2009-01","9.8","0","23","6","-18","9","8.4","0.35","38","4053","1.16","21.5","15.8","23.9","7.8",,"210","210","29.1","38"
"USW00094846","CHICAGO OHARE INTERNATIONAL AIRPORT, IL US","41.995","-87.9336","201.8","2009-02","11.2","0","12","1","-4","5","3.7","1.95","61","5083","3.39","4.5","28.2","36.9","19.6",,"300","230","32.0","44"
"USW00094846","CHICAGO OHARE INTERNATIONAL AIRPORT, IL US","41.995","-87.9336","201.8","2009-03","10.5","0","1","1","14","1","1.2","1.67","74","5869","5.20","2.1","39.6","48.7","30.6",,"180","170","38.0","49"
"USW00094846","CHICAGO OHARE INTERNATIONAL AIRPORT, IL US","41.995","-87.9336","201.8","2009-04","11.2","1","1","1","27","1","2.1","0.90","84","6403","5.19","2.1","47.2","57.0","37.5",,"200","210","34.9","47"
"USW00094846","CHICAGO OHARE INTERNATIONAL AIRPORT, IL US","41.995","-87.9336","201.8","2009-05","8.9","18","0","0","39","0","0.0","1.73","84","6580","3.63","0.0","59.9","70.6","49.1",,"310","300","33.1","48"
"USW00094846","CHICAGO OHARE INTERNATIONAL AIRPORT, IL US","41.995","-87.9336","201.8","2009-06","7.8","171","0","0","42","0","0.0","3.97","94","6654","7.18","0.0","67.6","77.0","58.2",,"60","60","38.0","51"
"USW00094846","CHICAGO OHARE INTERNATIONAL AIRPORT, IL US","41.995","-87.9336","201.8","2009-07","7.2","317","0","0","55","0","0.0","0.68","86","10","1.54","0.0","69.4","78.4","60.3",,"200","210","38.0","48"
"USW00094846","CHICAGO OHARE INTERNATIONAL AIRPORT, IL US","41.995","-87.9336","201.8","2009-08","8.3","506","0","0","49","0","0.0","0.95","91","30","4.26","0.0","70.5","79.1","61.8",,"250","250","25.9","38"
"USW00094846","CHICAGO OHARE INTERNATIONAL AIRPORT, IL US","41.995","-87.9336","201.8","2009-09","6.5","571","0","0","47","0","0.0","0.75","84","84","1.04","0.0","65.4","74.4","56.4",,"280","310","30.0","40"
"USW00094846","CHICAGO OHARE INTERNATIONAL AIRPORT, IL US","41.995","-87.9336","201.8","2009-10","9.4","571","0","0","29","0","0.0","1.03","69","585","6.04","0.0","48.8","55.2","42.4",,"270","260","33.1","47"
"USW00094846","CHICAGO OHARE INTERNATIONAL AIRPORT, IL US","41.995","-87.9336","201.8","2009-11","8.7","571","0","0","28","0","0.0","0.64","71","1175","1.23","0.0","45.3","53.1","37.6",,"320","60","25.1","35"
"USW00094846","CHICAGO OHARE INTERNATIONAL AIRPORT, IL US","41.995","-87.9336","201.8","2009-12","9.8","571","19","7","0","5","5.6","0.51","55","2369","2.74","20.8","26.5","32.3","20.6",,"120","220","30.0","39"
"USW00094846","CHICAGO OHARE INTERNATIONAL AIRPORT, IL US","41.995","-87.9336","201.8","2010-01","9.8","0","28","2","-1","8","3.9","0.49","46","3704","1.13","9.1","21.9","27.4","16.4",,"260","260","25.9","38"
"USW00094846","CHICAGO OHARE INTERNATIONAL AIRPORT, IL US","41.995","-87.9336","201.8","2010-02","8.7","0","24","5","6","9","12.6","0.65","42","4776","1.64","22.5","26.7","32.3","21.1",,"30","50","28.0","37"
"USW00094846","CHICAGO OHARE INTERNATIONAL AIRPORT, IL US","41.995","-87.9336","201.8","2010-03","9.2","0","5","1","20","3","1.8","0.61","77","5499","1.56","1.8","41.7","50.4","33.0",,"20","10","36.0","43"
"USW00094846","CHICAGO OHARE INTERNATIONAL AIRPORT, IL US","41.995","-87.9336","201.8","2010-04","11.2","21","0","0","30","0","0.0","0.82","83","5833","3.01","0.0","54.6","65.5","43.6",,"310","320","47.0","68"
"USW00094846","CHICAGO OHARE INTERNATIONAL AIRPORT, IL US","41.995","-87.9336","201.8","2010-05","9.2","107","0","0","38","0","0.0","1.49","91","6023","4.90","0.0","61.7","71.1","52.2",,"120","330","32.0","45"
"USW00094846","CHICAGO OHARE INTERNATIONAL AIRPORT, IL US","41.995","-87.9336","201.8","2010-06","8.3","300","0","0","54","0","0.0","1.02","90","6030","6.17","0.0","71.2","80.1","62.2",,"270","260","46.1","60"
"USW00094846","CHICAGO OHARE INTERNATIONAL AIRPORT, IL US","41.995","-87.9336","201.8","2010-07","8.1","692","0","0","55","0","0.0","3.64","94","0","8.85","0.0","77.6","87.1","68.2",,"250","240","29.1","37"
"USW00094846","CHICAGO OHARE INTERNATIONAL AIRPORT, IL US","41.995","-87.9336","201.8","2010-08","7.6","1055","0","0","59","0","0.0","0.48","94","0","1.80","0.0","76.7","85.7","67.7",,"270","270","38.0","56"
"USW00094846","CHICAGO OHARE INTERNATIONAL AIRPORT, IL US","41.995","-87.9336","201.8","2010-09","9.2","1133","0","0","46","0","0.0","1.55","89","74","2.78","0.0","65.1","74.2","56.1",,"210","210","36.9","52"
"USW00094846","CHICAGO OHARE INTERNATIONAL AIRPORT, IL US","41.995","-87.9336","201.8","2010-10","9.2","1147","0","0","31","0","0.0","0.26","86","368","0.93","0.0","56.0","66.8","45.2",,"230","260","40.9","55"
"USW00094846","CHICAGO OHARE INTERNATIONAL AIRPORT, IL US","41.995","-87.9336","201.8","2010-11","9.8","1147","0","0","18","0","0.0","1.37","69","1073","2.52","0.0","41.5","50.8","32.2",,"130","150","29.1","44"
"USW00094846","CHICAGO OHARE INTERNATIONAL AIRPORT, IL US","41.995","-87.9336","201.8","2010-12","9.8","1147","27","4","2","7","5.1","0.67","53","2392","2.35","16.2","22.5","29.0","16.0",,"350","330","40.9","47"
"USW00094846","CHICAGO OHARE INTERNATIONAL AIRPORT, IL US","41.995","-87.9336","201.8","2011-01","9.6","0","18","2","-4","4","5.9","0.31","41","3768","0.93","10.6","20.6","26.7","14.5",,"260","260","29.1","40"
"USW00094846","CHICAGO OHARE INTERNATIONAL AIRPORT, IL US","41.995","-87.9336","201.8","2011-02","11.0","0","19","5","-9","21","13.6","0.95","56","4855","3.52","29.0","26.2","32.7","19.6",,"40","50","40.9","61"
"USW00094846","CHICAGO OHARE INTERNATIONAL AIRPORT, IL US","41.995","-87.9336","201.8","2011-03","9.8","0","1","0","21","1","0.7","1.11","67","5743","2.62","1.0","36.3","43.8","28.8",,"280","290","31.1","40"
"USW00094846","CHICAGO OHARE INTERNATIONAL AIRPORT, IL US","41.995","-87.9336","201.8","2011-04","11.9","4","1","0","28","1","0.6","0.95","83","6268","4.91","0.6","47.7","56.1","39.3",,"220","220","33.1","43"
"USW00094846","CHICAGO OHARE INTERNATIONAL AIRPORT, IL US","41.995","-87.9336","201.8","2011-05","10.5","65","0","0","35","0","0.0","2.24","90","6548","7.27","0.0","57.9","67.8","48.0",,"20","30","31.1","39"
"USW00094846","CHICAGO OHARE INTERNATIONAL AIRPORT, IL US","41.995","-87.9336","201.8","2011-06","8.9","232","0","0","50","0","0.0","0.93","96","6581","3.39","0.0","69.5","79.4","59.5",,"210","200","55.0","70"
"USW00094846","CHICAGO OHARE INTERNATIONAL AIRPORT, IL US","41.995","-87.9336","201.8","2011-07","7.4","667","0","0","59","0","0.0","6.86","99","0","11.15","0.0","79.1","88.6","69.5",,"300","310","47.0","63"
"USW00094846","CHICAGO OHARE INTERNATIONAL AIRPORT, IL US","41.995","-87.9336","201.8","2011-08","6.7","930","0","0","57","0","0.0","1.11","93","0","4.54","0.0","73.5","82.5","64.4",,"300","310","38.0","51"
"USW00094846","CHICAGO OHARE INTERNATIONAL AIRPORT, IL US","41.995","-87.9336","201.8","2011-09","8.7","1000","0","0","42","0","0.0","1.21","93","154","3.45","0.0","62.2","69.9","54.4",,"290","290","33.1","46"
"USW00094846","CHICAGO OHARE INTERNATIONAL AIRPORT, IL US","41.995","-87.9336","201.8","2011-10","8.1","1013","0","0","33","0","0.0","0.85","84","480","1.98","0.0","54.9","65.2","44.6",,"210","200","32.0","43"
"USW00094846","CHICAGO OHARE INTERNATIONAL AIRPORT, IL US","41.995","-87.9336","201.8","2011-11","11.9","1013","0","0","24","0","0.0","1.53","70","1083","3.44","0.0","44.9","52.4","37.4",,"200","210","36.9","47"
"USW00094846","CHICAGO OHARE INTERNATIONAL AIRPORT, IL US","41.995","-87.9336","201.8","2011-12","9.2","1013","1","1","12","1","1.2","1.43","57","2007","2.65","1.7","35.2","41.8","28.6",,"300","180","30.0","40"
"USW00094846","CHICAGO OHARE INTERNATIONAL AIRPORT, IL US","41.995","-87.9336","201.8","2012-01","10.1","0","7","2","5","5","5.4","0.54","57","3085","1.87","12.2","30.2","38.5","21.9",,"280","280","33.1","47"
"USW00094846","CHICAGO OHARE INTERNATIONAL AIRPORT, IL US","41.995","-87.9336","201.8","2012-02","9.8","0","5","2","10","3","3.5","0.54","59","4017","1.65","5.6","32.9","40.2","25.6",,"210","210","36.9","48"
"USW00094846","CHICAGO OHARE INTERNATIONAL AIRPORT, IL US","41.995","-87.9336","201.8","2012-03","11.6","38","0","0","21","0","0.3","1.25","87","4412","2.68","0.3","53.5","63.3","43.6",,"200","230","38.0","51"
"USW00094846","CHICAGO OHARE INTERNATIONAL AIRPORT, IL US","41.995","-87.9336","201.8","2012-04","11.0","42","0","0","32","0","0.0","0.67","77","4846","1.65","0.0","50.7","59.8","41.6",,"240","250","36.0","48"
"USW00094846","CHICAGO OHARE INTERNATIONAL AIRPORT, IL US","41.995","-87.9336","201.8","2012-05","9.6","168","0","0","43","0","0.0","1.34","97","4955","4.38","0.0","65.6","76.5","54.6",,"170","190","31.1","41"
"USW00094846","CHICAGO OHARE INTERNATIONAL AIRPORT, IL US","41.995","-87.9336","201.8","2012-06","9.6","452","0","0","49","0","0.0","0.42","100","4970","0.91","0.0","73.9","85.5","62.4",,"200","210","36.0","45"
"USW00094846","CHICAGO OHARE INTERNATIONAL AIRPORT, IL US","41.995","-87.9336","201.8","2012-07","8.3","948","0","0","63","0","0.0","0.85","103","0","3.66","0.0","81.0","91.5","70.6",,"230","250","42.9","70"
"USW00094846","CHICAGO OHARE INTERNATIONAL AIRPORT, IL US","41.995","-87.9336","201.8","2012-08","6.9","1205","0","0","53","0","0.0","0.57","95","0","2.07","0.0","73.3","83.9","62.6",,"280","290","40.9","53"
"USW00094846","CHICAGO OHARE INTERNATIONAL AIRPORT, IL US","41.995","-87.9336","201.8","2012-09","8.9","1292","0","0","37","0","0.0","0.64","90","114","1.76","0.0","64.1","74.5","53.7",,"320","340","36.0","47"
"USW00094846","CHICAGO OHARE INTERNATIONAL AIRPORT, IL US","41.995","-87.9336","201.8","2012-10","11.4","1295","0","0","32","0","0.0","0.81","78","537","3.15","0.0","51.5","60.5","42.4",,"320","360","32.0","45"
"USW00094846","CHICAGO OHARE INTERNATIONAL AIRPORT, IL US","41.995","-87.9336","201.8","2012-11","8.5","1295","0","0","17","0","0.0","0.29","70","1271","0.96","0.0","40.5","49.0","32.0",,"190","180","40.0","58"
"USW00094846","CHICAGO OHARE INTERNATIONAL AIRPORT, IL US","41.995","-87.9336","201.8","2012-12","10.3","1295","0","0","14","0","0.3","1.26","70","2167","2.21","0.9","36.1","42.5","29.7",,"310","320","36.0","45"
"USW00094846","CHICAGO OHARE INTERNATIONAL AIRPORT, IL US","41.995","-87.9336","201.8","2013-01","11.6","0","0","1","-1","0","1.1","1.33","63","3357","3.63","2.6","26.6","35.3","17.9",,"270","280","33.1","47"
"USW00094846","CHICAGO OHARE INTERNATIONAL AIRPORT, IL US","41.995","-87.9336","201.8","2013-02","11.2","0","14","6","0","5","4.8","1.07","52","4446","2.96","16.1","26.1","33.2","19.1",,"270","280","33.1","44"
"USW00094846","CHICAGO OHARE INTERNATIONAL AIRPORT, IL US","41.995","-87.9336","201.8","2013-03","10.3","0","9","1","14","10","9.2","0.87","59","5450","2.00","10.5","32.6","39.6","25.6",,"280","10","31.1","43"
"USW00094846","CHICAGO OHARE INTERNATIONAL AIRPORT, IL US","41.995","-87.9336","201.8","2013-04","11.9","8","0","0","25","0","0.1","3.54","85","6001","8.69","0.1","46.9","56.3","37.5",,"180","250","36.9","49"
"USW00094846","CHICAGO OHARE INTERNATIONAL AIRPORT, IL US","41.995","-87.9336","201.8","2013-05","9.2","82","0","0","36","0","0.0","1.35","91","6200","4.96","0.0","61.0","71.2","50.7",,"240","220","31.1","45"
"USW00094846","CHICAGO OHARE INTERNATIONAL AIRPORT, IL US","41.995","-87.9336","201.8","2013-06","8.5","233","0","0","43","0","0.0","1.48","90","6245","6.24","0.0","68.5","78.2","58.9",,"240","240","38.0","52"
"USW00094846","CHICAGO OHARE INTERNATIONAL AIRPORT, IL US","41.995","-87.9336","201.8","2013-07","7.6","495","0","0","54","0","0.0","0.58","96","9","2.22","0.0","73.2","81.8","64.5",,"330","310","38.9","55"
"USW00094846","CHICAGO OHARE INTERNATIONAL AIRPORT, IL US","41.995","-87.9336","201.8","2013-08","7.4","746","0","0","55","0","0.0","0.63","96","11","1.69","0.0","73.0","82.7","63.3",,"320","320","35.1","46"
"USW00094846","CHICAGO OHARE INTERNATIONAL AIRPORT, IL US","41.995","-87.9336","201.8","2013-09","8.3","884","0","0","46","0","0.0","0.84","95","85","2.57","0.0","67.2","77.1","57.3",,"320","240","25.9","36"
"USW00094846","CHICAGO OHARE INTERNATIONAL AIRPORT, IL US","41.995","-87.9336","201.8","2013-10","8.5","908","0","0","29","0","0.0","1.04","80","476","3.12","0.0","53.1","62.4","43.9",,"230","220","25.9","36"
"USW00094846","CHICAGO OHARE INTERNATIONAL AIRPORT, IL US","41.995","-87.9336","201.8","2013-11","11.4","908","0","0","11","0","0.5","0.60","69","1301","2.09","0.9","37.5","45.3","29.7",,"250","260","42.9","58"
"USW00094846","CHICAGO OHARE INTERNATIONAL AIRPORT, IL US","41.995","-87.9336","201.8","2013-12","9.8","908","15","4","-6","5","4.0","0.31","56","2588","1.95","14.3","23.5","31.2","15.7",,"270","220","29.1","36"
"USW00094846","CHICAGO OHARE INTERNATIONAL AIRPORT, IL US","41.995","-87.9336","201.8","2014-01","13.2","0","26","9","-16","11","8.7","0.80","45","4112","2.83","33.7","15.8","24.8","6.9",,"220","210","38.0","51"
"USW00094846","CHICAGO OHARE INTERNATIONAL AIRPORT, IL US","41.995","-87.9336","201.8","2014-02","10.5","0","28","5","-8","14","5.7","1.16","49","5444","2.48","19.6","17.5","25.8","9.1",,"230","270","38.9","51"
"USW00094846","CHICAGO OHARE INTERNATIONAL AIRPORT, IL US","41.995","-87.9336","201.8","2014-03","11.0","0","14","4","-2","6","3.7","0.48","68","6475","1.71","12.3","31.7","40.9","22.5",,"290","170","33.1","43"
"USW00094846","CHICAGO OHARE INTERNATIONAL AIRPORT, IL US","41.995","-87.9336","201.8","2014-04","11.4","1","1","1","26","1","1.4","0.61","80","6968","2.84","1.4","48.6","59.3","37.9",,"200","190","33.1","44"
"USW00094846","CHICAGO OHARE INTERNATIONAL AIRPORT, IL US","41.995","-87.9336","201.8","2014-05","10.1","58","0","0","37","0","0.0","2.09","89","7169","4.98","0.0","60.4","71.0","49.7",,"250","250","49.0","55"
"USW00094846","CHICAGO OHARE INTERNATIONAL AIRPORT, IL US","41.995","-87.9336","201.8","2014-06","9.4","249","0","0","49","0","0.0","2.60","91","7182","7.81","0.0","70.9","81.0","60.9",,"240","250","35.1","47"
"USW00094846","CHICAGO OHARE INTERNATIONAL AIRPORT, IL US","41.995","-87.9336","201.8","2014-07","8.7","421","0","0","54","0","0.0","0.63","90","6","2.15","0.0","70.4","79.8","60.9",,"340","320","33.1","40"
"USW00094846","CHICAGO OHARE INTERNATIONAL AIRPORT, IL US","41.995","-87.9336","201.8","2014-08","7.6","691","0","0","52","0","0.0","2.76","88","6","7.30","0.0","73.7","82.1","65.3",,"330","330","31.1","37"
"USW00094846","CHICAGO OHARE INTERNATIONAL AIRPORT, IL US","41.995","-87.9336","201.8","2014-09","7.6","769","0","0","41","0","0.0","1.31","88","116","2.71","0.0","63.9","73.7","54.2",,"300","300","44.1","52"
"USW00094846","CHICAGO OHARE INTERNATIONAL AIRPORT, IL US","41.995","-87.9336","201.8","2014-10","9.8","771","0","0","32","0","0.1","0.68","77","522","2.49","0.1","52.0","60.6","43.4",,"340","350","38.0","53"
"USW00094846","CHICAGO OHARE INTERNATIONAL AIRPORT, IL US","41.995","-87.9336","201.8","2014-11","11.9","771","0","1","7","0","1.4","0.63","62","1461","1.41","2.8","33.7","41.5","25.9",,"250","260","33.1","45"
"USW00094846","CHICAGO OHARE INTERNATIONAL AIRPORT, IL US","41.995","-87.9336","201.8","2014-12","9.8","771","0","0","4","0","0.0","0.32","50","2482","0.79","0.0","32.1","36.9","27.2",,"270","270","31.1","39"
"USW00094846","CHICAGO OHARE INTERNATIONAL AIRPORT, IL US","41.995","-87.9336","201.8","2015-01","10.3","0","18","6","-8","6","3.0","0.57","43","3803","1.41","13.9","22.4","29.0","15.7",,"330","300","30.0","39"
"USW00094846","CHICAGO OHARE INTERNATIONAL AIRPORT, IL US","41.995","-87.9336","201.8","2015-02","10.7","0","28","5","-10","18","16.2","0.87","41","5211","1.46","26.9","14.7","23.6","5.9",,"330","340","38.0","48"
"USW00094846","CHICAGO OHARE INTERNATIONAL AIRPORT, IL US","41.995","-87.9336","201.8","2015-03","9.8","0","13","1","0","9","5.6","0.61","73","6127","1.10","7.1","35.4","44.5","26.4",,"190","20","30.0","40"
"USW00094846","CHICAGO OHARE INTERNATIONAL AIRPORT, IL US","41.995","-87.9336","201.8","2015-04","10.5","0","0","0","28","0","0.0","1.41","78","6596","2.87","0.0","49.4","60.0","38.8",,"270","280","38.0","52"
"USW00094846","CHICAGO OHARE INTERNATIONAL AIRPORT, IL US","41.995","-87.9336","201.8","2015-05","10.3","49","0","0","38","0","0.0","0.95","83","6789","4.67","0.0","60.3","70.0","50.7",,"200","200","31.1","43"
"USW00094846","CHICAGO OHARE INTERNATIONAL AIRPORT, IL US","41.995","-87.9336","201.8","2015-06","8.3","162","0","0","42","0","0.0","2.56","92","6832","7.12","0.0","67.3","76.9","57.8",,"200","200","28.0","35"
"USW00094846","CHICAGO OHARE INTERNATIONAL AIRPORT, IL US","41.995","-87.9336","201.8","2015-07","7.8","403","0","0","53","0","0.0","0.97","92","14","2.85","0.0","72.3","81.9","62.7",,"320","320","32.0","40"
"USW00094846","CHICAGO OHARE INTERNATIONAL AIRPORT, IL US","41.995","-87.9336","201.8","2015-08","8.1","618","0","0","51","0","0.0","0.74","92","20","2.16","0.0","71.7","80.9","62.6",,"260","270","36.9","52"
"USW00094846","CHICAGO OHARE INTERNATIONAL AIRPORT, IL US","41.995","-87.9336","201.8","2015-09","8.3","776","0","0","48","0","0.0","2.41","92","60","4.64","0.0","69.0","78.1","59.8",,"270","280","36.9","48"
"USW00094846","CHICAGO OHARE INTERNATIONAL AIRPORT, IL US","41.995","-87.9336","201.8","2015-10","11.0","777","0","0","33","0","0.0","0.77","79","379","2.24","0.0","54.7","63.2","46.2",,"320","280","33.1","44"
"USW00094846","CHICAGO OHARE INTERNATIONAL AIRPORT, IL US","41.995","-87.9336","201.8","2015-11","11.6","777","5","2","7","7","7.0","1.16","72","990","4.49","11.2","44.6","53.7","35.5",,"190","240","38.0","50"
"USW00094846","CHICAGO OHARE INTERNATIONAL AIRPORT, IL US","41.995","-87.9336","201.8","2015-12","11.4","777","3","3","15","1","1.9","1.47","61","1796","4.87","4.5","39.0","44.5","33.5",,"250","250","38.9","53"
"USW00094846","CHICAGO OHARE INTERNATIONAL AIRPORT, IL US","41.995","-87.9336","201.8","2016-01","10.7","0","12","2","-4","3","3.1","0.27","48","3042","0.85","6.3","24.8","31.8","17.8",,"210","220","29.1","38"
"USW00094846","CHICAGO OHARE INTERNATIONAL AIRPORT, IL US","41.995","-87.9336","201.8","2016-02","11.6","0","5","2","2","2","2.3","0.79","62","4044","1.23","5.5","30.5","37.3","23.7",,"250","250","45.0","62"
"USW00094846","CHICAGO OHARE INTERNATIONAL AIRPORT, IL US","41.995","-87.9336","201.8","2016-03","10.7","0","3","1","11","1","1.0","1.09","70","4716","3.35","2.6","43.3","51.5","35.1",,"260","250","40.9","53"
"USW00094846","CHICAGO OHARE INTERNATIONAL AIRPORT, IL US","41.995","-87.9336","201.8","2016-04","10.7","6","0","0","22","0","0.7","0.61","83","5239","2.80","1.1","47.8","57.4","38.2",,"330","290","42.9","54"
"USW00094846","CHICAGO OHARE INTERNATIONAL AIRPORT, IL US","41.995","-87.9336","201.8","2016-05","9.6","72","0","0","35","0","0.0","0.95","87","5467","5.43","0.0","59.7","70.1","49.4",,"220","30","32.0","41"
"USW00094846","CHICAGO OHARE INTERNATIONAL AIRPORT, IL US","41.995","-87.9336","201.8","2016-06","8.7","282","0","0","51","0","0.0","1.31","93","5481","2.85","0.0","71.6","81.9","61.2",,"50","50","36.0","41"
"USW00094846","CHICAGO OHARE INTERNATIONAL AIRPORT, IL US","41.995","-87.9336","201.8","2016-07","7.8","607","0","0","54","0","0.0","1.11","93","0","6.24","0.0","75.5","84.4","66.5",,"330","330","42.9","51"
"USW00094846","CHICAGO OHARE INTERNATIONAL AIRPORT, IL US","41.995","-87.9336","201.8","2016-08","7.2","942","0","0","56","0","0.0","0.96","92","0","4.26","0.0","75.8","84.3","67.3",,"280","300","29.1","37"
"USW00094846","CHICAGO OHARE INTERNATIONAL AIRPORT, IL US","41.995","-87.9336","201.8","2016-09","9.2","1103","0","0","50","0","0.0","0.55","91","24","1.77","0.0","69.5","77.7","61.4",,"130","280","30.0","38"
"USW00094846","CHICAGO OHARE INTERNATIONAL AIRPORT, IL US","41.995","-87.9336","201.8","2016-10","9.2","1124","0","0","36","0","0.0","1.60","82","298","3.78","0.0","56.9","65.8","47.9",,"190","210","31.1","44"
"USW00094846","CHICAGO OHARE INTERNATIONAL AIRPORT, IL US","41.995","-87.9336","201.8","2016-11","9.2","1127","0","0","22","0","0.0","0.99","75","846","1.69","0.0","46.8","55.3","38.4",,"300","260","31.1","43"
"USW00094846","CHICAGO OHARE INTERNATIONAL AIRPORT, IL US","41.995","-87.9336","201.8","2016-12","11.4","1127","17","5","-13","6","6.4","0.50","54","2083","1.77","17.8","25.1","31.2","19.1",,"250","260","33.1","44"
"USW00094846","CHICAGO OHARE INTERNATIONAL AIRPORT, IL US","41.995","-87.9336","201.8","2017-01","10.1","0","0","0","0","0","0.2","0.90","59","3203","2.88","0.6","28.9","34.6","23.1",,"260","260","40.0","56"
"USW00094846","CHICAGO OHARE INTERNATIONAL AIRPORT, IL US","41.995","-87.9336","201.8","2017-02","10.7","0","0","0","10","0","0.0","0.65","70","3956","1.52","0.0","38.1","47.7","28.5",,"300","310","36.0","46"
"USW00094846","CHICAGO OHARE INTERNATIONAL AIRPORT, IL US","41.995","-87.9336","201.8","2017-03","12.1","0","4","2","16","6","3.9","1.84","82","4746","4.01","7.8","39.5","47.2","31.9",,"270","270","40.9","57"
"USW00094846","CHICAGO OHARE INTERNATIONAL AIRPORT, IL US","41.995","-87.9336","201.8","2017-04","11.4","11","0","0","34","0","0.0","1.95","82","5096","6.43","0.0","53.7","63.8","43.7",,"200","190","36.0","47"
"USW00094846","CHICAGO OHARE INTERNATIONAL AIRPORT, IL US","41.995","-87.9336","201.8","2017-05","10.7","32","0","0","34","0","0.0","0.87","87","5337","3.28","0.0","57.9","67.7","48.0",,"260","260","38.9","50"
"USW00094846","CHICAGO OHARE INTERNATIONAL AIRPORT, IL US","41.995","-87.9336","201.8","2017-06","10.1","258","0","0","50","0","0.0","1.30","95","5341","3.44","0.0","72.4","83.3","61.6",,"190","190","31.1","39"
"USW00094846","CHICAGO OHARE INTERNATIONAL AIRPORT, IL US","41.995","-87.9336","201.8","2017-07","8.1","556","0","0","56","0","0.0","1.77","93","0","7.68","0.0","74.6","83.8","65.4",,"320","320","35.1","43"
"USW00094846","CHICAGO OHARE INTERNATIONAL AIRPORT, IL US","41.995","-87.9336","201.8","2017-08","7.8","763","0","0","52","0","0.0","0.92","90","5","2.52","0.0","71.5","80.8","62.2",,"260","220","33.1","45"
"USW00094846","CHICAGO OHARE INTERNATIONAL AIRPORT, IL US","41.995","-87.9336","201.8","2017-09","8.1","936","0","0","49","0","0.0","0.25","95","46","0.32","0.0","69.4","79.7","59.1",,"320","210","25.9","36"
"USW00094846","CHICAGO OHARE INTERNATIONAL AIRPORT, IL US","41.995","-87.9336","201.8","2017-10","10.7","962","0","0","33","0","0.0","4.19","83","302","8.70","0.0","57.6","65.5","49.7",,"320","310","38.0","45"
"USW00094846","CHICAGO OHARE INTERNATIONAL AIRPORT, IL US","41.995","-87.9336","201.8","2017-11","10.3","962","0","0","18","0","0.1","0.54","63","1059","1.75","0.1","39.7","46.9","32.5",,"290","300","30.0","40"
"USW00094846","CHICAGO OHARE INTERNATIONAL AIRPORT, IL US","41.995","-87.9336","201.8","2017-12","10.5","962","10","2","-4","2","1.8","0.18","65","2229","0.60","5.3","27.3","34.3","20.3",,"250","280","38.0","50"
"USW00094846","CHICAGO OHARE INTERNATIONAL AIRPORT, IL US","41.995","-87.9336","201.8","2018-01","11.9","0","15","1","-9","3","2.3","0.81","59","3476","1.55","4.6","24.8","32.0","17.6",,"200","210","32.0","42"
"USW00094846","CHICAGO OHARE INTERNATIONAL AIRPORT, IL US","41.995","-87.9336","201.8","2018-02","10.5","0","13","7","-3","12","6.2","2.10","66","4486","4.64","20.3","28.9","38.1","19.8",,"260","270","32.0","46"
"USW00094846","CHICAGO OHARE INTERNATIONAL AIRPORT, IL US","41.995","-87.9336","201.8","2018-03","10.5","0","1","1","19","1","2.2","0.81","58","5355","1.74","2.6","37.0","44.7","29.2",,"210","210","30.0","40"
"USW00094846","CHICAGO OHARE INTERNATIONAL AIRPORT, IL US","41.995","-87.9336","201.8","2018-04","10.5","0","1","1","20","1","2.0","0.96","80","6066","2.73","3.2","41.3","50.1","32.5",,"40","30","33.1","41"
"USW00094846","CHICAGO OHARE INTERNATIONAL AIRPORT, IL US","41.995","-87.9336","201.8","2018-05","8.7","145","0","0","44","0","0.0","1.96","97","6176","8.21","0.0","66.1","76.4","55.9",,"300","260","36.0","47"
"USW00094846","CHICAGO OHARE INTERNATIONAL AIRPORT, IL US","41.995","-87.9336","201.8","2018-06","9.2","353","0","0","48","0","0.0","1.41","96","6188","7.63","0.0","71.5","80.4","62.6",,"30","20","31.1","45"
"USW00094846","CHICAGO OHARE INTERNATIONAL AIRPORT, IL US","41.995","-87.9336","201.8","2018-07","8.1","702","0","0","59","0","0.0","0.26","95","0","1.14","0.0","76.2","85.1","67.3",,"260","250","38.0","49"
"USW00094846","CHICAGO OHARE INTERNATIONAL AIRPORT, IL US","41.995","-87.9336","201.8","2018-08","7.8","1051","0","0","58","0","0.0","2.36","97","0","6.61","0.0","76.3","84.8","67.7",,"330","320","33.1","44"
"USW00094846","CHICAGO OHARE INTERNATIONAL AIRPORT, IL US","41.995","-87.9336","201.8","2018-09","8.5","1228","0","0","42","0","0.0","1.79","93","58","3.65","0.0","69.0","77.5","60.4",,"290","310","31.1","47"
"USW00094846","CHICAGO OHARE INTERNATIONAL AIRPORT, IL US","41.995","-87.9336","201.8","2018-10","8.9","1258","0","0","28","0","0.0","1.56","88","469","4.79","0.0","52.7","60.7","44.7",,"320","310","35.1","60"
"USW00094846","CHICAGO OHARE INTERNATIONAL AIRPORT, IL US","41.995","-87.9336","201.8","2018-11","9.6","1258","5","5","17","7","5.1","1.20","52","1380","3.24","12.7","34.6","39.8","29.6",,"20","20","38.9","51"
"USW00094846","CHICAGO OHARE INTERNATIONAL AIRPORT, IL US","41.995","-87.9336","201.8","2018-12","8.5","1258","1","0","16","3","0.9","1.13","53","2362","3.32","1.4","33.3","39.7","26.9",,"360","230","25.1","40"
"USW00094846","CHICAGO OHARE INTERNATIONAL AIRPORT, IL US","41.995","-87.9336","201.8","2019-01","10.3","0","17","6","-23","10","5.0","0.53","53","3722","1.97","18.3","21.1","27.6","14.7",,"270","260","32.0","49"
"USW00094846","CHICAGO OHARE INTERNATIONAL AIRPORT, IL US","41.995","-87.9336","201.8","2019-02","10.7","0","11","3","1","9","3.1","0.75","53","4816","2.81","9.1","25.9","34.0","17.8",,"260","260","38.9","60"
"USW00094846","CHICAGO OHARE INTERNATIONAL AIRPORT, IL US","41.995","-87.9336","201.8","2019-03","10.7","0","0","0","-3","0","0.2","0.56","65","5768","2.09","0.3","34.3","42.7","25.9",,"240","220","40.9","60"
